name,category,shortDesc,shortDesc_eng,shortDesc_cn,shortDesc_jp,hours,reviewLink_Naver,reviewLink_Kakao,slug,repre_image,price,lat,lng,coin,coin_price,menu,name_cn,name_jp,name_eng,keyword,keyword_eng,keyword_cn,keyword_jp
자미당,간식,"꽈배기, 찹쌀도너츠","Twisted Doughnuts, Glutinous Rice Doughnuts",扭绞甜甜圈、糯米甜甜圈,ツイストドーナツ、もち米ドーナツ,"월–금 11:30–19:00, 토–일 11:00–19:00","https://map.naver.com/p/entry/place/1662647320?lng=126.968795&lat=37.5806988&placePath=/review?from=map&fromPanelNum=1&additionalHeight=76&timestamp=202506231555&locale=ko&svcName=map_pcv5&searchType=place&c=15.00,0,0,0,dh",https://place.map.kakao.com/554983369#comment,jamidang,https://search.pstatic.net/common/?src=https%3A%2F%2Fldb-phinf.pstatic.net%2F20231018_167%2F1697624084121iBCwj_JPEG%2FIMG_3010.jpg,"꽈배기(3개) 2,500원",37.58071025,126.9687934,o,,,紫米糕点铺,紫味堂,Zami Rice Cake Shop,"꽈배기, 길거리음식, 전통간식, 시장간식","Twisted doughnuts, street food, traditional snacks, market snacks",麻花、街头小吃、传统点心、市场小吃,ツイストドーナツ、屋台グルメ、伝統おやつ、市場のおやつ
고기백화점,생활형 점포,정육점,Butcher Shop,肉店,精肉店,월–일 08:00–21:00 / 정기휴무: 매달 3번째 일요일,"https://map.naver.com/p/entry/place/1261027310?c=15.00,0,0,0,dh&placePath=/review?additionalHeight=76&from=map&fromPanelNum=1&locale=ko&svcName=map_pcv5&timestamp=202506231558&fromPanelNum=1&additionalHeight=76&timestamp=202506231558&locale=ko&svcName=map_pcv5",https://place.map.kakao.com/16676990#comment,gogibaeck,https://drive.google.com/file/d/1uzu5rL45rSDAEwECbv4ziTGbz_iMvqUb/view?usp=sharing,,37.58070774,126.9688397,,,,肉类综合商店,肉百货店,Meat Wholesale Store,"육류전문, 한우, 다양한부위, 특수부위","Meat specialty, Korean beef (Hanwoo), various cuts, special cuts",肉类专门、韩牛、多种部位、稀有部位,精肉専門、韓牛、さまざまな部位、希少部位
서촌로또방,생활형 점포,"복권, 로또","Lottery, Lotto",彩票、乐透,宝くじ、ロト,월–토 10:00–20:00 / 정기휴무: 매주 일요일,"https://map.naver.com/p/search/%EC%84%9C%EC%B4%8C%EB%A1%9C%EB%98%90%EB%B0%A9/place/1506021589?c=15.00,0,0,0,dh&isCorrectAnswer=true&placePath=/home?from=map&fromPanelNum=1&additionalHeight=76&timestamp=202506231600&locale=ko&svcName=map_pcv5&searchText=%EC%84%9C%EC%B4%8C%EB%A1%9C%EB%98%90%EB%B0%A9",https://place.map.kakao.com/180002281#comment,seochoenlotto,https://drive.google.com/file/d/1ODxfUyAwG-TF5XIZ2IuJ0k2YIhgL0Uve/view?usp=sharing,"로또 1줄 1,000원",37.58071177,126.9688924,,,,西村乐透彩票店,西村宝乐透店,Seochon Lottery Shop,"로또복권, 즉석복권, 동네복권방, 행운명소","Lotto tickets, scratch cards, neighborhood lottery shop, lucky spot",乐透彩票、即开型彩票、社区彩票店、幸运名所,ロトくじ、スクラッチくじ、町の宝くじ店、開運スポット
용인야채가게,생활형 점포,채소,Vegetables,蔬菜,野菜,월–일 09:00–20:00 / 정기휴무: 매달 3번째 일요일,"https://map.naver.com/p/entry/place/1683710694?c=15.00,0,0,0,dh&placePath=/review?additionalHeight=76&from=map&fromPanelNum=1&locale=ko&svcName=map_pcv5&timestamp=202506231602&fromPanelNum=1&additionalHeight=76&timestamp=202506231602&locale=ko&svcName=map_pcv5",X,yonginyachae,https://drive.google.com/file/d/19oDW04S8oD6n9zTXGfQBzesRzvA4DmQI/view?usp=sharing,,37.58070728,126.9689309,,,,龙仁蔬菜店,龙仁蔬菜店,Yongin Vegetable Store,"싱싱야채, 지역농산물, 제철 채소","Fresh vegetables, local produce, seasonal vegetables",新鲜蔬菜、当地农产品、时令蔬菜,新鮮野菜、地元農産物、旬の野菜
삼화식당,식당,한식,Korean Cuisine (Meat Dishes),韩式料理（肉类）,韓国料理（肉料理）,월–일 07:00–19:00,"https://map.naver.com/p/entry/place/774622091?c=12.00,0,0,0,dh&placePath=/review?additionalHeight=76&from=map&fromPanelNum=1&locale=ko&svcName=map_pcv5&timestamp=202506231604&fromPanelNum=1&additionalHeight=76&timestamp=202506231604&locale=ko&svcName=map_pcv5",https://place.map.kakao.com/18772111#comment,samhwa,https://drive.google.com/file/d/1XdTbgVJjJPMxbxlw4xx7bg03TUMiLkJO/view?usp=sharing,"백반 10,000원",37.58070383,126.9689538,,,,三和食堂,三和食堂,Samhwa Restaurant,"한식백반, 집밥식당, 시장노포, 단골많은, 점심메뉴","Korean set meals, home-style restaurant, old market eatery, many regulars, lunch menu",韩式套餐、家常菜餐厅、市场老店、回头客多、午餐菜单,韓国定食、家庭料理店、市場の老舗、常連多数、ランチメニュー
개화플로이죵,식당,프랑스음식,French Cuisine,法式料理,フランス料理,월–토 17:30–22:30 / 21:30 라스트오더,"https://map.naver.com/p/entry/place/1172155123?c=12.00,0,0,0,dh&placePath=/review?additionalHeight=76&from=map&fromPanelNum=1&locale=ko&svcName=map_pcv5&timestamp=202506231605&fromPanelNum=1&additionalHeight=76&timestamp=202506231605&locale=ko&svcName=map_pcv5",https://place.map.kakao.com/832176303#comment,gaehwaflow,https://drive.google.com/file/d/1xURDqUepf5B9fNu0OkvyWhEKRtHRoziP/view?usp=sharing,"테마코스 95,000원 (시즌별 상이)",37.58070314,126.9690052,,,,开花花艺店,开花花艺,Gaehwa Floraison,"프렌치, 코스요리, 프렌치레스토랑, 시장 속의 레스토랑","French cuisine, course meals, French restaurant, restaurant inside the market",法式料理、套餐、法餐厅、市场里的餐厅,フレンチ、コース料理、フレンチレストラン、市場の中のレストラン
우리상회,생활형 점포,종합생활용품,General Household Goods,综合生活用品,日用品総合,월–일 09:00–19:30,"https://map.naver.com/p/entry/place/1835449632?c=12.00,0,0,0,dh&placePath=/review?additionalHeight=76&from=map&fromPanelNum=1&locale=ko&svcName=map_pcv5&timestamp=202506231606&fromPanelNum=1&additionalHeight=76&timestamp=202506231606&locale=ko&svcName=map_pcv5",X,woori,https://drive.google.com/file/d/1KyH07dyMVJgwHod2WmI0Yz2g8N6QH-Ey/view?usp=sharing,,37.58070263,126.9690629,,,,我们商店,我们商店,Uri General Store,"식료·잡화, 동네슈퍼, 생활편의, 소량구매, 단골위주","Groceries & sundries, neighborhood supermarket, daily convenience, small-quantity purchase, regular customers",食品·杂货、社区超市、生活便利、少量购买、以熟客为主,食料・雑貨、町のスーパー、生活便利品、少量購入、常連向け
참괜찬소,식당,한식(고기),Korean Cuisine (Meat Dishes),韩式料理（肉类）,韓国料理（肉料理）,화–일 11:00–21:00 / 20:30 라스트오더,"https://map.naver.com/p/search/%EC%B0%B8%EA%B4%9C%EC%B0%AC%EC%86%8C/place/1667251720?c=15.00,0,0,0,dh&placePath=/review?entry=bmp&selectedReview=67fa3dc08aad848e117af46c&from=map&fromPanelNum=2&timestamp=202506231609&locale=ko&svcName=map_pcv5&searchText=%EC%B0%B8%EA%B4%9C%EC%B0%AC%EC%86%8C&scrollTo=review&selectedReview=67fa3dc08aad848e117af46c&from=map&fromPanelNum=2&timestamp=202506231609&locale=ko&svcName=map_pcv5&searchText=%EC%B0%B8%EA%B4%9C%EC%B0%AC%EC%86%8C",후기 미제공,cham,https://drive.google.com/file/d/1pPq7YTrYmLK1KMHE23XXaR_0rjZQyryw/view?usp=sharing,"한우갈비살숯불구이 49,000원",37.58067692,126.9691226,,,,真不错商店,真不错店,Pretty Good Shop,"지역브랜드, 편집공간, 굿즈·기념품, 서촌콘셉트, 로컬스토어","Local brands, curated space, goods & souvenirs, Seochon concept, local store",地区品牌、选品空间、周边·纪念品、西村概念、本地商店,地域ブランド、セレクト空間、グッズ・土産、西村コンセプト、ローカルストア
곰손카페,간식,젤라또,Gelato,意式冰淇淋,ジェラート,화–일 12:30–16:30 / 정기휴무: 매주 월,,,gomson,https://drive.google.com/file/d/1EPWnLL2oAue03sLJ6GVy1xsCfqjLRpJf/view?usp=sharing,"젤라또 4,500원",37.580678,126.9692184,,,,熊手咖啡店,クマの手カフェ,Bear Hands Café,,,,
뜻밖의 조작가,잡화,소품점,Gift & Accessories Shop,饰品店,雑貨店,"수–일 12:00–19:00 / 정기휴무: 매주 월, 화","https://map.naver.com/p/entry/place/1458654069?c=15.00,0,0,0,dh&placePath=/review?selectedReview=681f525aa53c6522938622db&selectedReview=681f525aa53c6522938622db&fromPanelNum=1&additionalHeight=76&timestamp=202601141355&locale=ko&svcName=map_pcv5",X,decroator,https://drive.google.com/file/d/1VlrC5r58gwWBhzr4WlG8Rt7I4IcSbUAt/view?usp=sharing,,37.58065686,126.9692638,o,,,意外的雕刻家,意外的雕刻家,Unexpected Sculptor,"공방·갤러리, 조각작품, 예술공간, 서촌아틀리에","Workshop & gallery, sculpture works, art space, Seochon atelier",工坊·画廊、雕塑作品、艺术空间、西村工作室,工房・ギャラリー、彫刻作品、アート空間、西村アトリエ
부여떡방앗간,간식,떡집,Rice Cake Shop,年糕店,餅屋,월–일 08:00–20:00,"https://map.naver.com/p/entry/place/11661311?c=15.00,0,0,0,dh&placePath=/review?additionalHeight=76&from=map&fromPanelNum=1&locale=ko&svcName=map_pcv5&timestamp=202506231612&fromPanelNum=1&additionalHeight=76&timestamp=202506231612&locale=ko&svcName=map_pcv5",https://place.map.kakao.com/1731597083#comment,buyeo,https://search.pstatic.net/common/?src=https%3A%2F%2Fldb-phinf.pstatic.net%2F20231102_76%2F1698914336945s2bXr_JPEG%2FIMG_2625.jpeg,"꿀떡 3,000원",37.58064028,126.9693013,o,,,扶余年糕作坊,扶余年糕工坊,Buyeo Rice Cake Mill," 떡, 시루떡, 인절미·절편, 제사·행사용","Rice cakes, steamed rice cake (Sirutteok), injeolmi & jeolpyeon, ceremonial & event use",年糕、甑糕、黄豆粉年糕·切片年糕、祭祀·活动用,餅、甑餅（シルトッ）、インジョルミ・切り餅、祭事・行事用
서촌와인상점,생활형 점포,주류(와인),Alcoholic Beverages (Wine),酒类（葡萄酒）,酒類（ワイン）,월–일 11:00–21:00,"https://map.naver.com/p/entry/place/1855542946?c=15.00,0,0,0,dh&placePath=/review?additionalHeight=76&from=map&fromPanelNum=1&locale=ko&svcName=map_pcv5&timestamp=202506231613&fromPanelNum=1&additionalHeight=76&timestamp=202506231613&locale=ko&svcName=map_pcv5",https://place.map.kakao.com/1720290032#comment,seochoenwine,https://search.pstatic.net/common/?src=https%3A%2F%2Fldb-phinf.pstatic.net%2F20220210_193%2F1644497823159Bs8xO_JPEG%2FKakaoTalk_20220210_215334672_08.jpg,"와인 8,000원~",37.58061627,126.9693417,,,,西村葡萄酒商店,西村葡萄酒商店,Seochon Wine Shop,"내추럴와인, 소규모와인샵, 시음가능, 데일리와인, 데이트코스","Natural wine, small wine shop, wine tasting available, daily wine, date course",自然葡萄酒、小型葡萄酒铺、可试饮、日常葡萄酒、约会路线,ナチュラルワイン、小規模ワインショップ、試飲可、デイリーワイン、デートコース
싱싱과일나라,생활형 점포,과일,Fruits,水果,果物,"수–일 08:30–18:00 / 정기휴무: 매주 월, 화","https://map.naver.com/p/search/%EC%8B%B1%EC%8B%B1%EA%B3%BC%EC%9D%BC%EB%82%98%EB%9D%BC/place/33481431?c=15.00,0,0,0,dh&placePath=/review?entry=bmp&from=map&fromPanelNum=2&locale=ko&searchText=%EC%8B%B1%EC%8B%B1%EA%B3%BC%EC%9D%BC%EB%82%98%EB%9D%BC&svcName=map_pcv5&timestamp=202506231615&from=map&fromPanelNum=2&timestamp=202506231615&locale=ko&svcName=map_pcv5&searchText=%EC%8B%B1%EC%8B%B1%EA%B3%BC%EC%9D%BC%EB%82%98%EB%9D%BC",https://place.map.kakao.com/671739564,singsingfruit,https://drive.google.com/file/d/1BSgVwd-B6Em3PsjgipjB1VNWjOM-bKx-/view?usp=sharing,,37.58062224,126.9695637,,,,新鲜水果天地,新鲜水果王国,Fresh Fruit Land,"다양한과일, 제철과일, 싱싱","Various fruits, seasonal fruits, fresh",多种水果、时令水果、新鲜,さまざまな果物、旬の果物、新鮮
불란집,식당,분식,Korean Street Food,韩式小吃,韓国屋台料理,"수–일 9:00–19:00 / 정기휴무: 매주 월, 화","https://map.naver.com/p/search/%EB%B6%88%EB%9E%80%EC%A7%91/place/1521366121?c=15.00,0,0,0,dh&placePath=/review?entry=bmp&from=map&fromPanelNum=2&locale=ko&searchText=%EB%B6%88%EB%9E%80%EC%A7%91&svcName=map_pcv5&timestamp=202506231616&from=map&fromPanelNum=2&timestamp=202506231616&locale=ko&svcName=map_pcv5&searchText=%EB%B6%88%EB%9E%80%EC%A7%91",https://place.map.kakao.com/2067278558#comment,bluanjip,https://drive.google.com/file/d/1fCMw0Nw2r9nmu3FhUSP7f9kVw5jmfiO0/view?usp=sharing,"떡볶이(소) 5,000원",37.58062934,126.9695985,o,8coins,,佛兰之家,布兰之家,Bulan House,"한식·안주, 술안주전문, 소규모주점, 아늑한분위기","Korean dishes & bar food, drinking snacks specialty, small pub, cozy atmosphere",韩式料理·下酒菜、下酒菜专门、小型酒馆、温馨氛围,韓国料理・おつまみ、おつまみ専門、小さな居酒屋、落ち着いた雰囲気
코코로레시피,식당,덮밥,Rice Bowl Dishes,盖饭,丼もの,"화–토 11:00–20:00, 일 11:00–15:30","https://map.naver.com/p/search/%EC%BD%94%EC%BD%94%EB%A1%9C%EB%A0%88%EC%8B%9C%ED%94%BC/place/1850285688?c=15.00,0,0,0,dh&isCorrectAnswer=true&placePath=/review?additionalHeight=76&from=map&fromPanelNum=1&locale=ko&searchText=%EC%BD%94%EC%BD%94%EB%A1%9C%EB%A0%88%EC%8B%9C%ED%94%BC&svcName=map_pcv5&timestamp=202506271318&fromPanelNum=1&additionalHeight=76&timestamp=202506271318&locale=ko&svcName=map_pcv5&searchText=%EC%BD%94%EC%BD%94%EB%A1%9C%EB%A0%88%EC%8B%9C%ED%94%BC",https://place.map.kakao.com/583265394#comment,cocorecipe,https://drive.google.com/file/d/1Nd1yHX_TKUsR_jv6r6ECYd-0w_MZsFof/view?usp=sharing,"소보로덮밥 10,000원",37.58063243,126.9696562,o,미니전 5coins,,心料理,心料理,Kokoro Recipe,"일식, 마제소바,  퓨전음식, 배달","Japanese cuisine, maze soba, fusion food, delivery",日式料理、拌面、融合料理、外卖,和食、まぜそば、フュージョン料理、デリバリー
중앙전주반찬,생활형 점포,반찬가게,Side Dish Shop,小菜店,惣菜店,화–일 08:00–19:00 / 정기휴무: 매주 월,"https://map.naver.com/p/search/%EC%A4%91%EC%95%99%EC%A0%84%EC%A3%BC%EB%B0%98%EC%B0%AC/place/1815168726?c=15.00,0,0,0,dh&placePath=/review?entry=bmp&from=map&fromPanelNum=2&locale=ko&searchText=%EC%A4%91%EC%95%99%EC%A0%84%EC%A3%BC%EB%B0%98%EC%B0%AC&svcName=map_pcv5&timestamp=202506231617&from=map&fromPanelNum=2&timestamp=202506231617&locale=ko&svcName=map_pcv5&searchText=%EC%A4%91%EC%95%99%EC%A0%84%EC%A3%BC%EB%B0%98%EC%B0%AC",X,juangangjeonju,https://search.pstatic.net/common/?src=https%3A%2F%2Fldb-phinf.pstatic.net%2F20231018_166%2F1697592620688YOgKi_JPEG%2FIMG_9233.jpg,"닭강정 미니컵 3,000원",37.58064059,126.9697353,o,,,全州中央小菜店,全州中央小菜店,Jeonju Central Side Dishes,"전주식반찬, 나물·무침, 김치류, 포장전문, 집밥느낌","Jeonju-style side dishes, namul & seasoned vegetables, kimchi varieties, takeout specialty, home-style feel",全州式小菜、凉拌菜·拌菜、各类泡菜、外带专门、家常风味,全州風おかず、ナムル・和え物、キムチ各種、テイクアウト専門、家庭の味
루루마켓,생활형 점포,의류판매,Clothing Store,服装店,衣料品店,월–일 10:00–20:00,"https://map.naver.com/p/entry/place/2030752498?c=15.00,0,0,0,dh&placePath=/review?additionalHeight=76&fromPanelNum=1&locale=ko&svcName=map_pcv5&timestamp=202601141356&additionalHeight=76&timestamp=202601141356&locale=ko&svcName=map_pcv5&fromPanelNum=1",https://place.map.kakao.com/674866400,boxtea,https://drive.google.com/file/d/1oiqeMZhy2xLjl30Qb7GS948U0Ekds-bJ/view?usp=sharing,,37.58064,126.9697829,,,,LULU小卖部,露露市场,Lulu Market," 디저트·잡화, 셀렉트숍, 소품·간식, 감성공간, 포토스팟","Desserts & lifestyle goods, select shop, small items & snacks, aesthetic space, photo spot",甜点·杂货、精选店、小物·零食、感性空间、拍照点,デザート・雑貨、セレクトショップ、小物・お菓子、感性空間、フォトスポット
설야만두,식당,"칼국수, 만두","Kalguksu, Dumplings",刀削面、饺子,カルグクス、餃子,월–일 11:00–18:00,"https://map.naver.com/p/search/%EC%84%A4%EC%95%BC%EB%A7%8C%EB%91%90/place/1686885535?c=15.00,0,0,0,dh&isCorrectAnswer=true&placePath=/review?additionalHeight=76&from=map&fromPanelNum=1&locale=ko&searchText=%EC%84%A4%EC%95%BC%EB%A7%8C%EB%91%90&svcName=map_pcv5&timestamp=202506231620&fromPanelNum=1&additionalHeight=76&timestamp=202506231620&locale=ko&svcName=map_pcv5&searchText=%EC%84%A4%EC%95%BC%EB%A7%8C%EB%91%90",https://place.map.kakao.com/681848148,seolyamandu,https://drive.google.com/file/d/1L5gfzzabi8f35Stxa-9deitMV3oQodhx/view?usp=sharing,"고기만두+김치만두12개 10,000원",37.58064629,126.9698144,o,14coins,,雪夜饺子,雪夜饺子,Seolya Dumplings,﻿수제만두   손만두   비건 만두   담백한맛   부추만두,"Handmade dumplings, handmade style, vegan dumplings, light flavor, chive dumplings",手工饺子、现包饺子、素食饺子、清淡口味、韭菜饺子,手作り餃子、手包み餃子、ヴィーガン餃子、あっさり味、ニラ餃子
신앙촌상회,생활형 점포,패션잡화,Fashion Accessories,时尚配饰,ファッション雑貨,월–토 09:30–18:00 / 정기휴무: 매주 일요일,"https://map.naver.com/p/search/%EC%8B%A0%EC%95%99%EC%B4%8C%EC%83%81%ED%9A%8C/place/1907994363?c=13.00,0,0,0,dh&placePath=/review?entry=bmp&from=map&fromPanelNum=2&locale=ko&searchText=%EC%8B%A0%EC%95%99%EC%B4%8C%EC%83%81%ED%9A%8C&svcName=map_pcv5&timestamp=202506231621&from=map&fromPanelNum=2&timestamp=202506231621&locale=ko&svcName=map_pcv5&searchText=%EC%8B%A0%EC%95%99%EC%B4%8C%EC%83%81%ED%9A%8C",https://place.map.kakao.com/23285304,sinangcheon,https://search.pstatic.net/common/?src=https%3A%2F%2Fldb-phinf.pstatic.net%2F20220720_222%2F16583045740255G3rh_JPEG%2F%25BA%25B8%25C1%25A4_1.jpg,"두부 340g 1,800원",37.58064651,126.9698447,,,,信仰村商店,信仰村商店,Shinangchon Store,간장   두부   요구르트   기능성제품   이불,"Soy sauce, tofu, yogurt, functional products, bedding",酱油、豆腐、酸奶、功能性产品、被褥,醤油、豆腐、ヨーグルト、機能性商品、寝具
인왕산건강원,생활형 점포,건강기능보조식품,Health Supplements,保健食品,健康補助食品,월–일 09:00–19:00,"https://map.naver.com/p/entry/place/1169582914?c=13.00,0,0,0,dh&placePath=/review?additionalHeight=76&from=map&fromPanelNum=1&locale=ko&svcName=map_pcv5&timestamp=202506231622&fromPanelNum=1&additionalHeight=76&timestamp=202506231622&locale=ko&svcName=map_pcv5",https://place.map.kakao.com/21407053,inwangsan,https://drive.google.com/file/d/1Sr6GcyLO_WhZnh_zKJmsbwMzGIPTjNV_/view?usp=sharing,,37.58064472,126.9698807,,,,仁王山健康馆,仁王山健康院,Inwangsan Health Center,건강즙   한방추출   보양식   인왕산기운   전통추출방식,"Health extracts, herbal extraction, tonic food, energy of Inwangsan, traditional extraction method",健康浓缩汁、中药萃取、滋补食品、仁王山能量、传统萃取方式,健康エキス、漢方抽出、滋養強壮食、仁王山の気、伝統抽出法
인타코 타코야끼,간식,타코야끼,Takoyaki,章鱼烧,たこ焼き,화–일 11:30–20:30 / 정기휴무: 매주 월요일,X,X,intakoyaki,https://search.pstatic.net/common/?src=https%3A%2F%2Fldb-phinf.pstatic.net%2F20250625_212%2F1750841055065FaBXU_JPEG%2FIMG_1772.jpeg,"오리지널 타코야끼 7알 5,000원",37.58069961,126.9698472,o,,,印式章鱼烧,章鱼烧店,Intako Takoyaki,타코야끼   수제간식   맥주안주   아이들간식   즉석조리,"Takoyaki, handmade snacks, beer snacks, kids’ snacks, made-to-order",章鱼烧、手工小吃、啤酒下酒菜、儿童零食、现做现卖,たこ焼き、手作りおやつ、ビールのお供、子ども向けおやつ、出来たて調理
CHU CHU,간식,츄러스,Churros,西班牙油条,チュロス,화–일 11:00–18:00 / 정기휴무: 매주 월,,,chuchu,https://search.pstatic.net/common/?src=https%3A%2F%2Fldb-phinf.pstatic.net%2F20251221_49%2F1766314907521e13Bz_JPEG%2F1000011950.jpg,"오리지널 츄러스 3,000원",37.58065169,126.969912,,,,,チュチュ,Chu Chu,,,,
효자동닭꼬치,간식,닭요리,Chicken Dishes,鸡肉料理,鶏料理,월–토 11:00–20:00 / 20:20 라스트오더 / 매주 일요일 휴무,"https://map.naver.com/p/entry/place/1470671767?c=15.00,0,0,0,dh&placePath=/review?additionalHeight=76&from=map&fromPanelNum=1&locale=ko&svcName=map_pcv5&timestamp=202506231625&fromPanelNum=1&additionalHeight=76&timestamp=202506231625&locale=ko&svcName=map_pcv5",https://place.map.kakao.com/485793560#comment,hyojadong,https://drive.google.com/file/d/1Fu7dAuxZvc2Guh8QK4W3wndSxPDQ3TH0/view?usp=sharing,"와인치즈닭꼬치 6,000원",37.58065421,126.969958,o,12coins,,孝子洞鸡肉串,孝子洞鸡串,Hyoja-dong Chicken Skewers,대왕닭꼬치   다양한소스   불맛   웨이팅맛집   길거리음식,"Giant chicken skewers, various sauces, smoky flavor, popular with waiting lines, street food",超大鸡肉串、多种酱料、炭火香味、排队名店、街头美食,特大チキン串、各種ソース、炭火の香り、行列店、屋台グルメ
원조정할머니 기름떡볶이,간식,떡볶이,Tteokbokki,炒年糕,トッポッキ,월–일 07:00–20:30,"https://map.naver.com/p/entry/place/12024572?c=15.00,0,0,0,dh&placePath=/review?additionalHeight=76&from=map&fromPanelNum=1&locale=ko&svcName=map_pcv5&timestamp=202506231626&fromPanelNum=1&additionalHeight=76&timestamp=202506231626&locale=ko&svcName=map_pcv5",https://place.map.kakao.com/2077181146#comment,wonjojung,https://drive.google.com/file/d/1IhULzAn2MvKLT79nofOJZ9zJ6hPn25Y8/view?usp=sharing,"고추장+간장떡볶이+전2개 10,000",37.5806614,126.9700096,o,20coins,고추장떡볶이 : 5000,元祖郑奶奶油炸辣炒年糕,元祖郑奶奶油炸辣炒年糕,Original Grandma Jeong’s Oil Tteokbokki,기름떡볶이   원조맛집   겉바속촉   전통간식   길거리음식,"Oil tteokbokki, original specialty, crispy outside & soft inside, traditional snack, street food",油炒辣炒年糕、元祖名店、外脆内软、传统小吃、街头美食,油トッポッキ、元祖の味、外カリ中モチ、伝統おやつ、屋台グルメ
옛날통인감자탕,식당,감자탕,Gamjatang (Pork Bone Soup),猪骨汤,カムジャタン（豚背骨スープ）,월–토 09:30–18:00 / 매주 일 휴무,"https://map.naver.com/p/search/%ED%86%B5%EC%9D%B8%EA%B0%90%EC%9E%90%ED%83%95/place/19877876?c=15.00,0,0,0,dh&isCorrectAnswer=true&placePath=/review?additionalHeight=76&from=map&fromPanelNum=1&locale=ko&searchText=%ED%86%B5%EC%9D%B8%EA%B0%90%EC%9E%90%ED%83%95&svcName=map_pcv5&timestamp=202506231628&fromPanelNum=1&additionalHeight=76&timestamp=202506231628&locale=ko&svcName=map_pcv5&searchText=%ED%86%B5%EC%9D%B8%EA%B0%90%EC%9E%90%ED%83%95",https://place.map.kakao.com/12439465#comment,tongingamjatang,https://drive.google.com/file/d/17riX8WIs5L_dW4EjK1JN-wtKsz0w_0TM/view?usp=sharing,"감자탕(1인분) 12,000",37.58041138,126.9701181,,,"감자탕 1인분 : 12,000",老通仁土豆排骨汤,老通仁土豆排骨汤,Old Tongin Gamjatang,감자탕   뼈해장국   노포맛집   든든한한끼   얼큰한국물,"Gamjatang, pork bone soup, old local favorite, hearty meal, spicy Korean soup",土豆排骨汤、排骨解酒汤、老字号名店、饱腹一餐、香辣韩式汤,カムジャタン、豚骨スープ、老舗の名店、満腹の一食、ピリ辛韓国スープ
경복궁 떡 방앗간,간식,떡집,Rice Cake Shop,年糕店,餅屋,월–일 07:00–19:00,"https://map.naver.com/p/entry/place/1232074347?c=15.00,0,0,0,dh&placePath=/home?from=map&fromPanelNum=1&additionalHeight=76&timestamp=202506231629&locale=ko&svcName=map_pcv5",https://place.map.kakao.com/630534552#comment,myunginsinjin,https://drive.google.com/file/d/1GOH1v5na3wvLCKJA_Fmc6e3wI_ivDjCO/view?usp=sharing,,37.58065487,126.970115,o,,"6,000",名匠新进年糕坊,名匠新进年糕房,Master Shinjin Rice Cake Shop,답례   가래떡   전통방앗간   절편   갓뽑은떡,"Return gifts, garaetteok, traditional rice cake mill, jeolpyeon, freshly made rice cakes",回礼、条状年糕、传统年糕坊、切片年糕、现做年糕,返礼品、ガレトック、伝統の餅屋、切り餅、出来たて餅
반찬하우스,생활형 점포,반찬가게,Side Dish Shop,小菜店,惣菜店,월–일 08:00–20:00,"https://map.naver.com/p/search/%EB%B0%98%EC%B0%AC%ED%95%98%EC%9A%B0%EC%8A%A4/place/1593229812?c=15.00,0,0,0,dh&placePath=/review?entry=bmp&from=map&fromPanelNum=2&locale=ko&searchText=%EB%B0%98%EC%B0%AC%ED%95%98%EC%9A%B0%EC%8A%A4&svcName=map_pcv5&timestamp=202506231631&from=map&fromPanelNum=2&timestamp=202506231631&locale=ko&svcName=map_pcv5&searchText=%EB%B0%98%EC%B0%AC%ED%95%98%EC%9A%B0%EC%8A%A4",https://place.map.kakao.com/1351809693#comment,banchanhouse,https://search.pstatic.net/common/?src=https%3A%2F%2Fldb-phinf.pstatic.net%2F20171123_298%2F15114010714573jyUp_PNG%2Fw894LByBnF6tAlQMDpAaTrsD.png,,37.58065263,126.9701461,o,,,家常小菜屋,小菜之家,Side Dish House,엽전반찬   다양한종류   엄마손맛   도시락반찬   가정식백반,"Yeopjeon side dishes, wide variety, mom’s home cooking, lunchbox side dishes, home-style meals",叶钱小菜、种类丰富、妈妈的手艺、便当配菜、家常料理,葉銭（ヨプチョン）おかず、種類豊富、母の手料理、弁当おかず、家庭料理
우리동네,식당,분식,Korean Street Food,韩式小吃,韓国屋台料理,화–일 10:00–19:00 / 매주 화 휴무,X,X,wooridongnae,https://drive.google.com/file/d/1wAGSzlERb_6VmLMVrDTxnT_QEAPgsmjg/view?usp=sharing,"토스트 3,000원",37.58068507,126.9702422,o,,,我们社区小店,我们街坊,Our Neighborhood Store,시장간식   떡볶이   길거리음식   시장별미   아이들간식,"Market snacks, tteokbokki, street food, market specialties, kids’ snacks",市场小吃、辣炒年糕、街头美食、市场特色、儿童零食,市場のおやつ、トッポッキ、屋台グルメ、市場名物、子ども向けおやつ
원조할머니 기름떡볶이,간식,떡볶이,Tteokbokki,炒年糕,トッポッキ,월–일 09:00–19:00,"https://map.naver.com/p/entry/place/11681131?c=15.00,0,0,0,dh&placePath=/review?additionalHeight=76&from=map&fromPanelNum=1&locale=ko&svcName=map_pcv5&timestamp=202506231633&fromPanelNum=1&additionalHeight=76&timestamp=202506231633&locale=ko&svcName=map_pcv5",https://place.map.kakao.com/1211679931#comment,originalgrandma,https://drive.google.com/file/d/1GgAQP-ZrutTaVarBrQsyMukGd-p9Lj8r/view?usp=sharing,"기름떡볶이 5,000원",37.58070133,126.9703341,o,10coins,"기름떡볶이 : 5,000",元祖奶奶油炸辣炒年糕,元祖奶奶油炸辣炒年糕,Original Grandma’s Oil Tteokbokki,기름떡볶이   고추장기름   간장기름   엽전도시락   시장별미,"Oil tteokbokki, chili oil sauce, soy sauce oil, Yeopjeon lunchbox, market specialty",油炒辣炒年糕、辣椒油酱、酱油油、叶钱便当、市场特色,油トッポッキ、唐辛子油だれ、醤油油、葉銭弁当、市場名物
체부동잔치집,식당,국수,Noodles,面条,麺類,월–일 09:00–22:00,"https://map.naver.com/p/entry/place/13156385?c=15.00,0,0,0,dh&placePath=/review?additionalHeight=76&from=map&fromPanelNum=1&locale=ko&svcName=map_pcv5&timestamp=202506231634&fromPanelNum=1&additionalHeight=76&timestamp=202506231634&locale=ko&svcName=map_pcv5",https://place.map.kakao.com/14951761#comment,chaebudong,https://drive.google.com/file/d/1I3dcFJeHu7wikPiOQLIrpHFkPkCh8Im_/view?usp=sharing,"잔치국수(소) 4,000원",37.58070904,126.9703698,,,"잔치국수 소 : 5,000",体府洞宴席之家,体府洞宴席屋,Chebudong Feast House,잔치국수   굴전   들깨수제비   가성비식당   전통시장맛집,"Banquet noodles (Janchi-guksu), oyster pancake, perilla seed sujebi, good value restaurant, traditional market favorite",宴席素面、牡蛎煎饼、紫苏籽手擀面、性价比餐厅、传统市场美食,ジャンチグクス、牡蠣チヂミ、えごま種スジェビ、コスパ食堂、伝統市場の名店
점순이네반찬,생활형 점포,반찬가게,Side Dish Shop,小菜店,惣菜店,월–토 07:30–17:30 / 정기휴무: 매주 일,"https://map.naver.com/p/entry/place/1012665672?c=15.00,0,0,0,dh&placePath=/review?additionalHeight=76&from=map&fromPanelNum=1&locale=ko&svcName=map_pcv5&timestamp=202506231636&fromPanelNum=1&additionalHeight=76&timestamp=202506231636&locale=ko&svcName=map_pcv5",https://place.map.kakao.com/213234428,jumsuninae,https://search.pstatic.net/common/?src=https%3A%2F%2Fldb-phinf.pstatic.net%2F20220801_3%2F1659331418909P1Hqd_JPEG%2F20220801_113122.jpg,"김치(국산) 1200g 13,000원",37.58077991,126.9704584,,,,点顺家小菜,点顺家的小菜,Jeomsuni’s Side Dishes,나물무침   제철반찬   김치전문   도시락가맹점   깔끔한맛,"Seasoned vegetables, seasonal side dishes, kimchi specialty, lunchbox franchise, clean taste",凉拌菜、时令小菜、泡菜专门、便当加盟店、清爽口味,ナムル和え、旬のおかず、キムチ専門、弁当フランチャイズ、さっぱり味
점순이네반찬,생활형 점포,반찬가게,Side Dish Shop,小菜店,惣菜店,월–토 07:30–17:30 / 정기휴무: 매주 일,"https://map.naver.com/p/entry/place/1012665672?c=15.00,0,0,0,dh&placePath=/review?additionalHeight=76&from=map&fromPanelNum=1&locale=ko&svcName=map_pcv5&timestamp=202506231636&fromPanelNum=1&additionalHeight=76&timestamp=202506231636&locale=ko&svcName=map_pcv5",https://place.map.kakao.com/213234428,jumsuninae,https://search.pstatic.net/common/?src=https%3A%2F%2Fldb-phinf.pstatic.net%2F20220801_3%2F1659331418909P1Hqd_JPEG%2F20220801_113122.jpg,"김치(국산) 1200g 13,000원",37.58077991,126.9704584,,,,点顺家小菜,点顺家的小菜,Jeomsuni’s Side Dishes,나물무침   제철반찬   김치전문   도시락가맹점   깔끔한맛,"Seasoned vegetables, seasonal side dishes, kimchi specialty, lunchbox franchise, clean taste",凉拌菜、时令小菜、泡菜专门、便当加盟店、清爽口味,ナムル和え、旬のおかず、キムチ専門、弁当フランチャイズ、さっぱり味
효자떡집,간식,"떡, 한과","Rice Cakes, Traditional Sweets",年糕、韩式传统点心,餅、韓国伝統菓子,월–일 06:00–21:00 / 정기휴무: 매달 3번째 일요일,"https://map.naver.com/p/entry/place/33481398?c=13.00,0,0,0,dh&placePath=/review?additionalHeight=76&from=map&fromPanelNum=1&locale=ko&svcName=map_pcv5&timestamp=202506231637&fromPanelNum=1&additionalHeight=76&timestamp=202506231637&locale=ko&svcName=map_pcv5",https://place.map.kakao.com/16988616,hyojaddeok,https://drive.google.com/file/d/1aFaoOPHHagJC0G_AdHnuHUbobiAXxG29/view?usp=sharing,"팥시루떡 4,000원",37.58072585,126.9705034,,,,孝子年糕店,孝子年糕店,Hyoja Rice Cake Shop,인절미   꿀떡   명절떡   전통떡   답례떡,"Injeolmi, honey-filled rice cakes, holiday rice cakes, traditional rice cakes, gift rice cakes",黄豆粉年糕、蜂蜜年糕、节日年糕、传统年糕、回礼年糕,インジョルミ、はちみつ餅、祝日餅、伝統餅、返礼餅
반디수블,식당,주류,Korean Cuisine,韩式料理,韓国料理,"수–일 14:00–19:00 / 정기휴무: 월, 화","https://map.naver.com/p/entry/place/1017020249?c=13.00,0,0,0,dh&placePath=/review?additionalHeight=76&from=map&fromPanelNum=1&locale=ko&svcName=map_pcv5&timestamp=202506231638&fromPanelNum=1&additionalHeight=76&timestamp=202506231638&locale=ko&svcName=map_pcv5",https://place.map.kakao.com/18619452#comment,bandisubul,https://search.pstatic.net/common/?src=https%3A%2F%2Fldb-phinf.pstatic.net%2F20230119_139%2F16741217565767WXhH_JPEG%2FKakaoTalk_20230119_182235039.jpg,"전통술 3,000원~",37.58073527,126.9705578,,,"수제치즈와 칩 : 10,000",萤火虫杂货店,萤火虫杂货,Bandisuvel,양조장   막걸리   청주   증류주   술안,"Brewery, makgeolli, cheongju (clear rice wine), distilled spirits, alcoholic beverages",酿酒厂、马格利酒、清酒、蒸馏酒、酒类,酒蔵、マッコリ、清酒、蒸留酒、酒類
하림생닭토종닭,생활형 점포,정육점,Butcher Shop,肉店,精肉店,"월–일 09:00–20:00 / 매달 1,3번째 일요일 휴무",X,X,harim,https://drive.google.com/file/d/1aAeG4a4bpqKMMvomN5z1cJvq0CtR3jA5/view?usp=sharing,,37.58072482,126.9705933,,,,哈林鲜鸡土鸡店,哈林鲜鸡土鸡,Harim Fresh Chicken & Native Chicken,생닭   토종닭   백숙재료   신선육   닭고기전문,"Fresh chicken, native chicken, ingredients for samgyetang, fresh meat, chicken specialty",生鸡、土鸡、参鸡汤材料、新鲜肉类、鸡肉专门,生鶏、在来鶏、参鶏湯の材料、新鮮肉、鶏肉専門
육곳간축산물,생활형 점포,정육점,Butcher Shop,肉店,精肉店,"월–일 09:00–20:00 / 매달 1,3번째 일요일 휴무","https://map.naver.com/p/entry/place/1063292136?c=15.00,0,0,0,dh&placePath=/review?additionalHeight=76&from=map&fromPanelNum=1&locale=ko&svcName=map_pcv5&timestamp=202506231640&fromPanelNum=1&additionalHeight=76&timestamp=202506231640&locale=ko&svcName=map_pcv5",https://place.map.kakao.com/998638771,ryukgotgan,https://search.pstatic.net/common/?src=https%3A%2F%2Fpup-review-phinf.pstatic.net%2FMjAyNTAxMTlfMTI0%2FMDAxNzM3MjkwODc0MTEw.9ict91ifB68ZTzqt83IwG4R06G6uTPphugdRNBmAM0kg.K6Bu70KGAqVSSLJp8zg-NXYe4pDcOJXuL0wS543eRiIg.JPEG%2FF2CE22DD-4990-4FC6-97AA-1309AF768541.jpeg%3Ftype%3Dw1500_60_sharpen,"한우꽃등심(300g) 33,000원",37.58074575,126.9706561,,,,肉库畜产品店,肉仓库畜产,Yukgotgan Meat Products,정육점   한우   한돈   명절선물세트   신선정육,"Butcher shop, Korean beef, Korean pork, holiday gift sets, fresh meat",肉铺、韩牛、韩猪、节日礼盒、新鲜肉品,精肉店、韓牛、韓豚、季節のギフトセット、新鮮精肉
여주상회,생활형 점포,식료품,Grocery Store,食品杂货,食料品,월–일 09:00–20:00 / 매달 3번째 일요일 휴무,X,https://place.map.kakao.com/226765845,yeoju,https://drive.google.com/file/d/1VF4WvyqaygtzS3xMk3R5HekL5tSRZCG2/view?usp=sharing,,37.58075647,126.9707355,,,,骊州商店,骊州商店,Yeoju Store,잡곡전문   국산곡물   들깨   참깨   건강식재료,"Grains specialty, domestic grains, perilla seeds, sesame seeds, healthy ingredients",杂粮专门、国产谷物、紫苏籽、芝麻、健康食材,雑穀専門、国産穀物、えごま、胡麻、健康食材
호남상회,생활형 점포,식료품,Grocery Store,食品杂货,食料品,월–일 05:00–20:00,"https://map.naver.com/p/entry/place/1563147499?c=15.00,0,0,0,dh&placePath=/review?additionalHeight=76&from=map&fromPanelNum=1&locale=ko&svcName=map_pcv5&timestamp=202506231642&fromPanelNum=1&additionalHeight=76&timestamp=202506231642&locale=ko&svcName=map_pcv5",X,honam,https://search.pstatic.net/common/?src=https%3A%2F%2Fldb-phinf.pstatic.net%2F20171123_159%2F1511402183932kubUG_PNG%2FElzitwVt5YeZp5-VgY5b5-QV.png,,37.58076941,126.9707873,,,,湖南商店,湖南商店,Honam Store,식재료   계란   장보기   생활용품,"Food ingredients, eggs, grocery shopping, household goods",食材、鸡蛋、日常采购、生活用品,食材、卵、買い物、生活用品
개성상회,생활형 점포,건어물,Dried Seafood,干海产品,干物（乾物海産物）,월–일 07:00–18:30,"https://map.naver.com/p/entry/place/11655027?c=16.32,0,0,0,dh&placePath=/review?additionalHeight=76&from=map&fromPanelNum=1&locale=ko&svcName=map_pcv5&timestamp=202506231643&fromPanelNum=1&additionalHeight=76&timestamp=202506231643&locale=ko&svcName=map_pcv5",https://place.map.kakao.com/16376783,gaesung,https://drive.google.com/file/d/1Kj1vtCzwTVFm1ThIT9SYdjRTNwQQui4q/view?usp=sharing,,37.58076755,126.9708266,o,,,开城商店,开城商店,Gaeseong Store,건어물   멸치다시   안주거리   조미김   전통상점,"Dried seafood, anchovy stock, drinking snacks, seasoned seaweed, traditional shop",干货海产、鳀鱼高汤、下酒菜、调味海苔、传统店铺,乾物海産、いりこ出汁、酒の肴、味付け海苔、伝統商店
푸른할인마트,생활형 점포,"슈퍼, 마트",Supermarket,超市,スーパー、マーケット,월–일 08:00–23:00 / 매달 3번째 일요일 휴무,"https://map.naver.com/p/search/%ED%91%B8%EB%A5%B8%EB%A7%88%ED%8A%B8%20%EC%A2%85%EB%A1%9C%EA%B5%AC/place/18662563?c=15.00,0,0,0,dh&placePath=/review?entry=bmp&from=map&fromPanelNum=2&locale=ko&searchText=%ED%91%B8%EB%A5%B8%EB%A7%88%ED%8A%B8%20%EC%A2%85%EB%A1%9C%EA%B5%AC&svcName=map_pcv5&timestamp=202506261848&from=map&fromPanelNum=2&timestamp=202506261848&locale=ko&svcName=map_pcv5&searchText=%ED%91%B8%EB%A5%B8%EB%A7%88%ED%8A%B8%20%EC%A2%85%EB%A1%9C%EA%B5%AC",https://place.map.kakao.com/16556227#comment,purunmart,https://search.pstatic.net/common/?src=https%3A%2F%2Fldb-phinf.pstatic.net%2F20230804_82%2F1691117008403a7CY8_JPEG%2FIMG_6438.JPG,,37.5808287,126.9687022,,,채소 : 변동,青绿折扣超市,绿色折扣超市,Pureun Discount Mart,"장보기, 슈퍼마켓, 생활용품, 신선식재료, 동네마트","Grocery shopping, supermarket, household goods, fresh ingredients, neighborhood mart",日常采购、超市、生活用品、新鲜食材、社区卖场,買い物、スーパーマーケット、生活用品、新鮮食材、町のマート
송림정육점,생활형 점포,정육점,Butcher Shop,肉店,精肉店,월–일 08:00–19:30 / 정기휴무: 매달 3번째 일요일,"https://map.naver.com/p/entry/place/1431447174?c=15.00,0,0,0,dh&placePath=/review?additionalHeight=76&from=map&fromPanelNum=1&locale=ko&svcName=map_pcv5&timestamp=202506261850&fromPanelNum=1&additionalHeight=76&timestamp=202506261850&locale=ko&svcName=map_pcv5",https://place.map.kakao.com/537044230,songrim,https://search.pstatic.net/common/?src=https%3A%2F%2Fldb-phinf.pstatic.net%2F20250219_30%2F1739972135988PVgRu_JPEG%2FKakaoTalk_20250219_222106296_02.jpg,,37.58078932,126.9687903,,,"대인 : 10,000",松林肉铺,松林肉店,Songnim Butcher,"한우, 한돈, 신선한 고기, 서촌정육점","Korean beef, Korean pork, fresh meat, Seochon butcher shop",韩牛、韩猪、新鲜肉类、西村肉铺,韓牛、韓豚、新鮮な肉、西村の精肉店
푸른마트 청과코너,생활형 점포,마트,Mart,超市,マーケット,월–일 09:00–20:00,,,purunmart2,https://drive.google.com/file/d/1IeX2kYPTxXYc-qjEVoQFzUF7vchRg-qD/view?usp=sharing,,37.58078441,126.9688289,,,,水果蔬菜区,青果区,Produce Corner,"제철과일, 신선청과, 소포장, 시장과일, 합리적가격","Seasonal fruits, fresh produce, small portions, market fruit shop, reasonable prices",时令水果、新鲜果蔬、小包装、市场水果、价格合理,旬の果物、新鮮青果、小分け、市场の果物、良心価格
푸른마트 야채코너,생활형 점포,마트,Mart,超市,マーケット,월–일 09:00–20:00,,,purunmart3,https://drive.google.com/file/d/1OHsInYBnQNntS17JW-o7fMQ1KZa9VtvX/view?usp=sharing,,37.5807852,126.9688674,,,,蔬菜区,蔬菜区,Vegetable Corner,"신선야채, 쌈채소, 손질채소, 소량구매","Fresh vegetables, leafy greens, pre-cut vegetables, small-quantity purchase",新鲜蔬菜、包菜类、处理好的蔬菜、少量购买,新鮮野菜、葉物野菜、下処理野菜、少量購入
송림사우나,생활형 점포,"목욕탕, 사우나","Public Bathhouse, Sauna",澡堂、桑拿,銭湯、サウナ,월–일 06:00–19:00 / 정기휴무: 매주 수요일,"https://map.naver.com/p/entry/place/37932653?c=15.00,0,0,0,dh&placePath=/review?additionalHeight=76&from=map&fromPanelNum=1&locale=ko&svcName=map_pcv5&timestamp=202506261851&fromPanelNum=1&additionalHeight=76&timestamp=202506261851&locale=ko&svcName=map_pcv5",https://place.map.kakao.com/263368654#comment,songrimsauna,https://drive.google.com/file/d/1shTYe1hRk3Ra7ztiV9UC01W2tfhl9nDJ/view?usp=sharing,,37.58078153,126.968905,,,,松林桑拿,松林桑拿,Songnim Sauna," 대중목욕탕, 동네사우나, 찜질·목욕, 휴식공간, 지역단골","Public bathhouse, neighborhood sauna, bathing & relaxation, local regulars",大众澡堂、社区桑拿、洗浴·放松、熟客聚集,大衆浴場、町のサウナ、入浴・休憩、常連の憩い
피노키오 옷수선,생활형 점포,옷수선,Clothing Alteration,衣物修改,洋服のお直し,월–토 11:00–18:00 / 일요일 휴무,"https://map.naver.com/p/entry/place/1482205245?c=15.00,0,0,0,dh&placePath=/review?additionalHeight=76&from=map&fromPanelNum=1&locale=ko&svcName=map_pcv5&timestamp=202506261853&fromPanelNum=1&additionalHeight=76&timestamp=202506261853&locale=ko&svcName=map_pcv5",https://place.map.kakao.com/1314393579#comment,pinokio,https://search.pstatic.net/common/?src=https%3A%2F%2Fldb-phinf.pstatic.net%2F20220903_197%2F1662187301287JJ3sD_JPEG%2FKakaoTalk_20220718_171055709_21.jpg,,37.58077183,126.9689323,,,,匹诺曹衣服修补店,匹诺曹衣服修补,Pinocchio Alterations,"옷수선, 꼼꼼한바느질, 빠른작업, 단골많은","Clothing repair, careful stitching, fast service, many regulars",衣物修补、细致缝纫、快速作业、熟客多,衣類修理、丁寧な縫製、迅速対応、常連多数
서촌호떡,간식,호떡,Hotteok (Sweet Pancakes),糖饼,ホットク（韓国風甘いパンケーキ）,월–일 11:00–18:00 / 매주 화 휴무,"https://map.naver.com/p/entry/place/1395158616?c=15.00,0,0,0,dh&placePath=/review?additionalHeight=76&from=map&fromPanelNum=1&locale=ko&svcName=map_pcv5&timestamp=202506261853&fromPanelNum=1&additionalHeight=76&timestamp=202506261853&locale=ko&svcName=map_pcv5",https://place.map.kakao.com/1874429985,seochonhoddeok,https://drive.google.com/file/d/1RRAecYC3CJLjKa15zlrMYYR-T2uGnMS6/view?usp=sharing,"씨앗 꿀 호떡 2,000원",37.58076818,126.9689652,o,,,西村糖饼,西村糖饼,Seochon Hotteok,"호떡, 다양한토핑, 서촌간식, 길거리음식","Hotteok, various toppings, Seochon snacks, street food",糖饼、多种配料、西村小吃、街头美食,ホットク、多彩なトッピング、西村のおやつ、屋台グルメ
엄마손반찬,생활형 점포,반찬가게,Side Dish Shop,小菜店,惣菜店,월–일 08:00–19:00,"https://map.naver.com/p/entry/place/1544293002?c=15.00,0,0,0,dh&placePath=/review?additionalHeight=76&from=map&fromPanelNum=1&locale=ko&svcName=map_pcv5&timestamp=202506271301&fromPanelNum=1&additionalHeight=76&timestamp=202506271301&locale=ko&svcName=map_pcv5",https://place.map.kakao.com/1940874812,momtouch,https://search.pstatic.net/common/?src=https%3A%2F%2Fldb-phinf.pstatic.net%2F20171121_287%2F1511253368212ADxVk_JPEG%2FIHnt2dHqiduaaJsVbL0-0klq.jpeg.jpg,"김치 10,000원",37.5807661,126.9690098,,,,妈妈手作小菜,妈妈手作小菜,Mom’s Homemade Side Dishes,"집반찬, 다양한나물, 김치·젓갈","Home-style side dishes, assorted namul, kimchi & salted seafood",家常小菜、多样拌菜、泡菜·腌制品,家庭のおかず、さまざまなナムル、キムチ・塩辛
정금이네 모두의 분식,간식,분식,Korean Street Food,韩式小吃,韓国屋台料理,화–일 07:30–19:00 / 정기휴무: 매주 월,"https://map.naver.com/p/entry/place/33481437?c=15.00,0,0,0,dh&placePath=/review?additionalHeight=76&from=map&fromPanelNum=1&locale=ko&svcName=map_pcv5&timestamp=202506271303&fromPanelNum=1&additionalHeight=76&timestamp=202506271303&locale=ko&svcName=map_pcv5",https://place.map.kakao.com/1431889061#comment,jeonggeum,https://drive.google.com/file/d/1Ql7F7C2ZoL9h_Iz9BRIZzFiOYDW1gIWn/view?usp=sharing,"1인분 떡볶이 4,500원",37.58076044,126.9690578,o,8coins,,正金家的大众小吃,正金家的大众小吃,Jeonggeumi’s Everyone’s Snacks,"기름떡볶이, 김밥·분식, 시장간식, 서촌맛집","Oil tteokbokki, gimbap & bunsik, market snacks, Seochon favorite",油炒辣炒年糕、紫菜包饭·小吃、市场小吃、西村美食,油トッポッキ、キンパ・粉食、市場のおやつ、西村の名店
명방앗간,생활형 점포,방앗간,Grain Mill,碾米坊,製粉所,월–토 08:00–18:00 / 정기휴무: 매주 일,"https://map.naver.com/p/entry/place/1894180802?c=15.00,0,0,0,dh&placePath=/review?additionalHeight=76&from=map&fromPanelNum=1&locale=ko&svcName=map_pcv5&timestamp=202506271304&fromPanelNum=1&additionalHeight=76&timestamp=202506271304&locale=ko&svcName=map_pcv5",https://place.map.kakao.com/1919141570,myeong,https://search.pstatic.net/common/?src=https%3A%2F%2Fldb-phinf.pstatic.net%2F20231102_176%2F1698915067833hSPan_JPEG%2Ftemp_file.jpg,"국산 들깨 10,000원",37.58076,126.9691381,,,,名家榨油坊,名榨油坊,Myeong Mill,"참기름, 들기름, 맞춤방앗간, 주문제작","Sesame oil, perilla oil, custom oil mill, made-to-order",香油、紫苏油、定制油坊、按单制作,ごま油、えごま油、オーダーメイド製油所、受注製作
충남방앗간,생활형 점포,방앗간,Grain Mill,碾米坊,製粉所,월–토 09:00–19:00 / 매주 일요일 휴무,"https://map.naver.com/p/search/%EC%B6%A9%EB%82%A8%EB%B0%A9%EC%95%97%EA%B0%84%20%EC%A2%85%EB%A1%9C%EA%B5%AC/place/1318388230?c=15.00,0,0,0,dh&placePath=/review?entry=bmp&from=map&fromPanelNum=2&locale=ko&searchText=%EC%B6%A9%EB%82%A8%EB%B0%A9%EC%95%97%EA%B0%84%20%EC%A2%85%EB%A1%9C%EA%B5%AC&svcName=map_pcv5&timestamp=202506271305&from=map&fromPanelNum=2&timestamp=202506271305&locale=ko&svcName=map_pcv5&searchText=%EC%B6%A9%EB%82%A8%EB%B0%A9%EC%95%97%EA%B0%84%20%EC%A2%85%EB%A1%9C%EA%B5%AC",https://place.map.kakao.com/24769021,chungnam,https://search.pstatic.net/common/?src=https%3A%2F%2Fldb-phinf.pstatic.net%2F20171121_209%2F1511251132443Lb7fs_JPEG%2FEFwIR2qiVNrYsiP-JfaspLQs.jpeg.jpg,"저온압착 국산참기름 180ml 20,900원",37.58075601,126.9692052,,,,忠南榨油坊,忠南榨油坊,Chungnam Mill,"30년전통, 방앗간, 즉석제분, 미숫가루, 가족운영","30 years of tradition, oil mill, on-the-spot milling, misutgaru, family-run",30年传统、油坊、现场研磨、米谷粉、家庭经营,30年の伝統、製油所、即時製粉、ミスッカル、家族経営
우리농산물유통,생활형 점포,"과일, 채소","Fruits, Vegetables",水果、蔬菜,果物、野菜,월–일 09:00–20:00,"https://map.naver.com/p/entry/place/36778788?c=15.00,0,0,0,dh&placePath=/review?additionalHeight=76&from=map&fromPanelNum=1&locale=ko&svcName=map_pcv5&timestamp=202506271307&fromPanelNum=1&additionalHeight=76&timestamp=202506271307&locale=ko&svcName=map_pcv5",https://place.map.kakao.com/9277284,woorinongsan,https://search.pstatic.net/common/?src=https%3A%2F%2Fldb-phinf.pstatic.net%2F20171121_7%2F1511250339309RXd3M_JPEG%2FypqwKIiFJX9s0W1dtAEw1i2R.jpeg.jpg,,37.58075494,126.9692523,,,,我们农产品流通,我们农产物流通,Uri Agricultural Distribution,"산지직송, 국내농산물, 채소과일, 도매·소매","Direct from farms, domestic produce, vegetables & fruits, wholesale & retail",产地直送、国产农产品、蔬菜水果、批发·零售,産地直送、国産農産物、野菜と果物、卸・小売
서울수산물회센타,생활형 점포,수산물,Seafood,水产品,水産物,월–일 05:00–19:00 / 매달 3번째 일 휴무,"https://map.naver.com/p/search/%EC%84%9C%EC%9A%B8%EC%88%98%EC%82%B0%EB%AC%BC%ED%9A%8C%EC%84%BC%ED%83%80/place/38521971?c=15.00,0,0,0,dh&placePath=/review?entry=bmp&from=map&fromPanelNum=2&locale=ko&searchText=%EC%84%9C%EC%9A%B8%EC%88%98%EC%82%B0%EB%AC%BC%ED%9A%8C%EC%84%BC%ED%83%80&svcName=map_pcv5&timestamp=202506271309&from=map&fromPanelNum=2&timestamp=202506271309&locale=ko&svcName=map_pcv5&searchText=%EC%84%9C%EC%9A%B8%EC%88%98%EC%82%B0%EB%AC%BC%ED%9A%8C%EC%84%BC%ED%83%80",https://place.map.kakao.com/15392211,seoulsoosan,https://search.pstatic.net/common/?src=https%3A%2F%2Fldb-phinf.pstatic.net%2F20171121_174%2F1511250568508flYiD_JPEG%2FGowhl9w7MR8CRyJARt6ha3gs.jpeg.jpg,,37.58073386,126.9693279,,,,首尔海鲜刺身中心,首尔水产刺身中心,Seoul Seafood Sashimi Center,"활어회, 수산코너, 생선, 포장전문, 신선","Live fish sashimi, seafood section, fresh fish, takeout specialty, freshness",活鱼生鱼片、水产区、新鲜鱼类、外带专门、新鲜度高,活魚刺身、水産コーナー、新鮮な魚、テイクアウト専門、新鮮
체크인첸킨,간식,베이커리,Bakery,面包店,ベーカリー,"수–일 11:30–18:30 / 정기휴무: 월, 화","https://map.naver.com/p/entry/place/2013277946?c=15.00,0,0,0,dh&placePath=/review?additionalHeight=76&from=map&fromPanelNum=1&locale=ko&svcName=map_pcv5&timestamp=202506271310&fromPanelNum=1&additionalHeight=76&timestamp=202506271310&locale=ko&svcName=map_pcv5",https://place.map.kakao.com/382470648#comment,checkincheck,https://drive.google.com/file/d/1yp53CDrsM4VvrI79dFt3gxQLwnya0jHs/view?usp=sharing,"첸킨파이 6,500원",37.58070564,126.969365,o,,,Check In 炸鸡,Check In 炸鸡,Check In Chicken,"호주식미트파이, 수제파이, 이색간식, 테이크아웃","Australian-style meat pies, handmade pies, unique snacks, takeout",澳洲风味肉派、手工派、特色小吃、外带,オーストラリア風ミートパイ、手作りパイ、個性派おやつ、テイクアウト
통인초록,간식,"전통주, 한식","Traditional Liquor, Korean Cuisine",传统酒、韩式料理,伝統酒、韓国料理,화–일 08:00–18:00 / 매주 월 휴무,"https://map.naver.com/p/entry/place/1172499696?c=15.00,0,0,0,dh&placePath=/review?additionalHeight=76&from=map&fromPanelNum=1&locale=ko&svcName=map_pcv5&timestamp=202506271311&fromPanelNum=1&additionalHeight=76&timestamp=202506271311&locale=ko&svcName=map_pcv5",https://place.map.kakao.com/1575027273,tongingreen,https://drive.google.com/file/d/1K2iNhCNvRCPjeSOdNf1GHji5pSn0Lc_M/view?usp=sharing,"구절판(대) 10,000원",37.58068607,126.9694108,o,구절판 3coins,,通仁绿色生活,通仁绿色,Tongin Green,"시장간식, 구절편, 계란말이, 떡볶이, 건강식, 한식","Market snacks, gujeolpan, rolled omelet, tteokbokki, healthy food, Korean cuisine",市场小吃、九节盘、鸡蛋卷、辣炒年糕、健康饮食、韩食,市場のおやつ、九節板、卵焼き、トッポッキ、健康食、韓食
통인다방,생활형 점포,카페,Cafe,咖啡馆,カフェ,월–일 10:00–18:00,,,tongindabang,https://drive.google.com/file/d/1VtVHuXmDWlp9G4gl38CoDZ2ePl0iLYTN/view?usp=sharing,"오늘의 커피 2,500원",37.5806975,126.9695208,,,,通仁茶馆,トンイン喫茶店,Tongin Dabang,"레트로카페, 다방커피, 빈티지인테리어, 시장휴식, 서촌카페","Retro café, traditional coffee, vintage interior, market rest spot, Seochon café",复古咖啡馆、传统咖啡、复古内饰、市场休息区、西村咖啡馆,レトロカフェ、喫茶店コーヒー、ヴィンテージ内装、市場の休憩所、西村カフェ
티각태각,간식,전통부각,Traditional Bugak (Fried Seaweed & Vegetables),传统炸脆片（Bugak）,伝統ブガク（揚げ海藻・野菜）,월–일 11:00–18:00,"https://map.naver.com/p/entry/place/1915787912?c=15.00,0,0,0,dh&placePath=/review?additionalHeight=76&from=map&fromPanelNum=1&locale=ko&svcName=map_pcv5&timestamp=202506271314&fromPanelNum=1&additionalHeight=76&timestamp=202506271314&locale=ko&svcName=map_pcv5",https://place.map.kakao.com/1083190140#comment,teegaktaegak,https://search.pstatic.net/common/?src=https%3A%2F%2Fldb-phinf.pstatic.net%2F20200217_101%2F15819233279301eeVk_JPEG%2F3Y2GQ54dOvGQGBIGaJCz0JVN.jpg,"부각 mix 10,000원",37.5806918,126.9695824,o,,,茶点小馆,茶点小馆,Tigak Taegak,"부각, 말린간식, 길거리간식, 포장전문, 시장먹거리","Bugak (crispy dried vegetables), dried snacks, street snacks, takeout specialty, market food",炸蔬菜干、干燥零食、街头零食、外带专门、市场美食,ブガク（野菜チップス）、乾燥おやつ、屋台おやつ、テイクアウト専門、市場グルメ
서촌의 진심,간식,"만두, 국수","Dumplings, Noodles",饺子、面条,餃子、麺類,화–일 09:00–18:00 / 정기휴무: 매주 월,"https://map.naver.com/p/search/%EC%84%9C%EC%B4%8C%EC%9D%98%20%EC%A7%84%EC%8B%AC/place/1775253047?c=15.00,0,0,0,dh&isCorrectAnswer=true&placePath=/review?additionalHeight=76&from=map&fromPanelNum=1&locale=ko&searchText=%EC%84%9C%EC%B4%8C%EC%9D%98%20%EC%A7%84%EC%8B%AC&svcName=map_pcv5&timestamp=202506271315&fromPanelNum=1&additionalHeight=76&timestamp=202506271315&locale=ko&svcName=map_pcv5&searchText=%EC%84%9C%EC%B4%8C%EC%9D%98%20%EC%A7%84%EC%8B%AC",https://place.map.kakao.com/21339860,seochanjinsim,https://drive.google.com/file/d/1tetYKiEx0Qb45E6OBVhexfe8tdyO5k47/view?usp=sharing,"김치손만두(10개) 7,000",37.58068765,126.969625,o,,,西村的真心,西村的真心,Seochon’s Sincerity,"고기만두, 김치만두, 포장","Meat dumplings, kimchi dumplings, takeout",肉饺子、泡菜饺子、外带,肉餃子、キムチ餃子、テイクアウト
이레해물칼국수,식당,"칼국수, 만두","Kalguksu, Dumplings",刀削面、饺子,カルグクス、餃子,"월–금 08:00–17:00, 토 08:00–19:00","https://map.naver.com/p/search/%EC%9D%B4%EB%A0%88%ED%95%B4%EB%AC%BC%EC%B9%BC%EA%B5%AD%EC%88%98/place/38276093?c=15.00,0,0,0,dh&isCorrectAnswer=true&placePath=/review?additionalHeight=76&from=map&fromPanelNum=1&locale=ko&searchText=%EC%9D%B4%EB%A0%88%ED%95%B4%EB%AC%BC%EC%B9%BC%EA%B5%AD%EC%88%98&svcName=map_pcv5&timestamp=202506271317&fromPanelNum=1&additionalHeight=76&timestamp=202506271317&locale=ko&svcName=map_pcv5&searchText=%EC%9D%B4%EB%A0%88%ED%95%B4%EB%AC%BC%EC%B9%BC%EA%B5%AD%EC%88%98",https://place.map.kakao.com/1870082222#comment,yirae,https://search.pstatic.net/common/?src=https%3A%2F%2Fldb-phinf.pstatic.net%2F20230808_110%2F16914610755537UqM5_JPEG%2F%25C5%25EB%25C0%25CE_%25B0%25ED%25B5%25B5%25C8%25AD_%25B4%25EB%25C7%25A5%25C0%25CC%25B9%25CC%25C1%25F6-002.jpg,"이레해물칼국수 9,000",37.58068618,126.9696674,o,잔치국수 4coins,,伊莱海鲜刀削面,伊礼海鲜刀削面,Irae Seafood Kalguksu," 해물칼국수, 시원한 국물, 김치·겉절이, 든든한 한끼, 점심맛집","Seafood kalguksu, refreshing broth, kimchi & fresh kimchi, hearty meal, lunch favorite",海鲜刀削面、清爽汤头、泡菜·新泡菜、饱腹一餐、午餐名店,海鮮カルグクス、さっぱりスープ、キムチ・浅漬け、満腹の一食、ランチの名店
코코로레시피,식당,덮밥,Rice Bowl Dishes,盖饭,丼もの,"화–토 11:00–20:00, 일 11:00–15:30 / 예약 시 이용 가능 (단체손님 등)","https://map.naver.com/p/search/%EC%BD%94%EC%BD%94%EB%A1%9C%EB%A0%88%EC%8B%9C%ED%94%BC/place/1850285688?c=15.00,0,0,0,dh&isCorrectAnswer=true&placePath=/review?additionalHeight=76&from=map&fromPanelNum=1&locale=ko&searchText=%EC%BD%94%EC%BD%94%EB%A1%9C%EB%A0%88%EC%8B%9C%ED%94%BC&svcName=map_pcv5&timestamp=202506271318&fromPanelNum=1&additionalHeight=76&timestamp=202506271318&locale=ko&svcName=map_pcv5&searchText=%EC%BD%94%EC%BD%94%EB%A1%9C%EB%A0%88%EC%8B%9C%ED%94%BC",https://place.map.kakao.com/583265394#comment,cocorecipe,https://drive.google.com/file/d/1Nd1yHX_TKUsR_jv6r6ECYd-0w_MZsFof/view?usp=sharing,"소보로덮밥 10,000원",37.58063243,126.9696562,o,미니전 5coins,,心料理,心料理,Kokoro Recipe,"일식, 마제소바,  퓨전음식, 배달","Japanese cuisine, maze soba, fusion food, delivery",日式料理、拌面、融合料理、外卖,和食、まぜそば、フュージョン料理、デリバリー
BYC,생활형 점포,속옷,Underwear,内衣,下着,월–토 10:30–17:00 / 정기휴무: 매주 월,"https://map.naver.com/p/entry/place/1208241610?c=15.00,0,0,0,dh&placePath=/review?additionalHeight=76&from=map&fromPanelNum=1&locale=ko&svcName=map_pcv5&timestamp=202506271320&fromPanelNum=1&additionalHeight=76&timestamp=202506271320&locale=ko&svcName=map_pcv5",https://place.map.kakao.com/701974641,byc,https://search.pstatic.net/common/?src=https%3A%2F%2Fldb-phinf.pstatic.net%2F20171121_117%2F1511248905688jCrD2_PNG%2Fe_iibu5Ep_B1JSYs2517YqYr.png,,37.58069184,126.9697381,,,,BYC内衣,BYC内衣,BYC,"내의 속옷 전문, 이너웨어, 생활필수품, 합리적 가격","Underwear & innerwear specialty, daily essentials, reasonable prices",内衣专门、贴身衣物、生活必需品、价格合理,肌着・下着専門、インナー、生活必需品、手頃な価格
손맛김밥,간식,김밥,Gimbap,紫菜包饭,キンパ,월–일 07:00–18:00 / 매달 3째주 일 휴무,"https://map.naver.com/p/search/%EC%86%90%EB%A7%9B%EA%B9%80%EB%B0%A5/place/35756297?c=15.00,0,0,0,dh&placePath=/review?entry=bmp&from=map&fromPanelNum=2&locale=ko&searchText=%EC%86%90%EB%A7%9B%EA%B9%80%EB%B0%A5&svcName=map_pcv5&timestamp=202506271321&from=map&fromPanelNum=2&timestamp=202506271321&locale=ko&svcName=map_pcv5&searchText=%EC%86%90%EB%A7%9B%EA%B9%80%EB%B0%A5",https://place.map.kakao.com/26966363#comment,sonmatgimbap,https://drive.google.com/file/d/1osaX5x3-eKSo9-Sjcr2RrNgqL99jyWXg/view?usp=sharing,"손맛김밥 3,500원",37.58069802,126.9697764,o,,,手艺紫菜包饭,手作紫菜包饭,Sonmat Gimbap,김밥   엽전도시락   어머니의손맛   서촌분식   정성가득,"Gimbap, Yeopjeon lunchbox, mother’s home cooking, Seochon snack shop, made with care",紫菜包饭、叶钱便当、妈妈的手艺、西村小吃店、用心制作,キンパ、葉銭弁当、母の手料理、西村の粉食店、心を込めて
박현순미용실,생활형 점포,미용실,Hair Salon,美发店,美容室,월–토 10:00–19:00 / 일요일 휴무,"https://map.naver.com/p/search/%EB%B0%95%ED%98%84%EC%88%9C%EB%AF%B8%EC%9A%A9%EC%8B%A4/place/1431168653?c=15.00,0,0,0,dh&placePath=/review?entry=bmp&from=map&fromPanelNum=2&locale=ko&searchText=%EB%B0%95%ED%98%84%EC%88%9C%EB%AF%B8%EC%9A%A9%EC%8B%A4&svcName=map_pcv5&timestamp=202506271322&from=map&fromPanelNum=2&timestamp=202506271322&locale=ko&svcName=map_pcv5&searchText=%EB%B0%95%ED%98%84%EC%88%9C%EB%AF%B8%EC%9A%A9%EC%8B%A4",X,parkhyensun,https://search.pstatic.net/common/?src=https%3A%2F%2Fldb-phinf.pstatic.net%2F20220719_44%2F1658200610785R011r_JPEG%2FKakaoTalk_20220718_170632091_27.jpg,"커트 13,000원",37.58070122,126.9698059,,,,朴贤顺美发店,朴贤顺美容室,Park Hyunsun Hair Salon,전통시장미용실      꼼꼼한커트   정겨운공간   서촌헤어,"Traditional market hair salon, careful haircut, warm atmosphere, Seochon hair shop",传统市场理发店、细致理发、温馨空间、西村美发,伝統市場の美容室、丁寧なカット、温かい空間、西村ヘア
도시락카페,간식,"도시락, 컵밥","Lunch Boxes, Cup Rice",盒饭、杯装米饭,弁当、カップご飯,화–일 11:00–17:00 / 매달 3번째 일요일 휴무,"https://map.naver.com/p/search/%EB%8F%84%EC%8B%9C%EB%9D%BD%EC%B9%B4%ED%8E%98/place/21575788?c=13.00,0,0,0,dh&placePath=/review?entry=bmp&from=map&fromPanelNum=2&locale=ko&searchText=%EB%8F%84%EC%8B%9C%EB%9D%BD%EC%B9%B4%ED%8E%98&svcName=map_pcv5&timestamp=202506271323&from=map&fromPanelNum=2&timestamp=202506271323&locale=ko&svcName=map_pcv5&searchText=%EB%8F%84%EC%8B%9C%EB%9D%BD%EC%B9%B4%ED%8E%98",https://place.map.kakao.com/27151442#comment,dosirakcafe,https://drive.google.com/file/d/1CJ41BC1ZsG3FJ9gxr5nZcR5Wu7j1_GPB/view?usp=sharing,,37.58072112,126.9699561,,,,便当咖啡馆,便当咖啡,Dosirak Café,엽전도시락   나만의도시락   시장뷔페   이색체험   통인시장핫플,"Yeopjeon lunchbox, custom lunchbox, market buffet, unique experience, Tongin Market hotspot",叶钱便当、定制便当、市场自助、特色体验、通仁市场打卡点,葉銭弁当、オーダー弁当、市場ビュッフェ、体験型スポット、通仁市場の人気所
도깨비한과강정,간식,"떡, 한과","Rice Cakes, Traditional Sweets",年糕、韩式传统点心,餅、韓国伝統菓子,화–일 11:00–19:00 / 정기휴무: 매주 월,"https://map.naver.com/p/search/%EB%8F%84%EA%B9%A8%EB%B9%84%ED%95%9C%EA%B3%BC%EA%B0%95%EC%A0%95/place/1237413730?c=15.00,0,0,0,dh&placePath=/review?entry=bmp&from=map&fromPanelNum=2&locale=ko&searchText=%EB%8F%84%EA%B9%A8%EB%B9%84%ED%95%9C%EA%B3%BC%EA%B0%95%EC%A0%95&svcName=map_pcv5&timestamp=202506271325&from=map&fromPanelNum=2&timestamp=202506271325&locale=ko&svcName=map_pcv5&searchText=%EB%8F%84%EA%B9%A8%EB%B9%84%ED%95%9C%EA%B3%BC%EA%B0%95%EC%A0%95",https://place.map.kakao.com/1721570359#comment,doggaebihangwa,https://search.pstatic.net/common/?src=https%3A%2F%2Fldb-phinf.pstatic.net%2F20181208_9%2F15442415769224iy2f_JPEG%2FX8W0t5Ra4stYo_8kx9VF46Ze.jpg,"오리지널 오란다(한 근 400g) 10,000원",37.58073674,126.9700472,,,,鬼怪韩果糖点,鬼怪韩果糖点,Goblin Traditional Sweets,수제오란다   전통강정   무설탕조청   바삭달콤   부모님선물,"Handmade oranda, traditional gangjeong, sugar-free rice syrup, crispy & sweet, gift for parents",手工奥兰达、传统米果、无糖米糖浆、酥脆香甜、送父母礼物,手作りオランダ、伝統菓子、無糖米シロップ、サク甘、両親への贈り物
현대식품,생활형 점포,채소,Vegetables,蔬菜,野菜,월–일 24시간 영업,"https://map.naver.com/p/entry/place/1563438434?c=15.00,0,0,0,dh&placePath=/review?additionalHeight=76&from=map&fromPanelNum=1&locale=ko&svcName=map_pcv5&timestamp=202506271326&fromPanelNum=1&additionalHeight=76&timestamp=202506271326&locale=ko&svcName=map_pcv5",X,hyundaisikpoom,https://search.pstatic.net/common/?src=https%3A%2F%2Fldb-phinf.pstatic.net%2F20220719_143%2F1658203827947bzXmQ_JPEG%2FKakaoTalk_20220718_170553442_03.jpg,김치,37.5807445,126.9701057,,,,现代食品,现代食品,Hyundai Foods,신선채소   제철과일   시장장보기   싱싱한재료,"Fresh vegetables, seasonal fruits, market grocery shopping, fresh ingredients",新鲜蔬菜、时令水果、市场采购、新鲜食材,新鮮野菜、旬の果物、市場の買い出し、新鮮食材
알뜰옷수선전문점,생활형 점포,옷수선,Clothing Alteration,衣物修改,洋服のお直し,월–토 10:00–19:00 / 일요일 휴무,"https://map.naver.com/p/search/%EC%95%8C%EB%9C%B0%EC%98%B7%EC%88%98%EC%84%A0/place/1785072459?c=15.00,0,0,0,adh&isMini=true&p=O48NkDdrsbbWHMDedDw2Zw,72,10,80,Float&placePath=/review?entry=bmp&from=map&fromPanelNum=2&locale=ko&searchText=%EC%95%8C%EB%9C%B0%EC%98%B7%EC%88%98%EC%84%A0&svcName=map_pcv5&timestamp=202506271327&from=map&fromPanelNum=2&timestamp=202506271327&locale=ko&svcName=map_pcv5&searchText=%EC%95%8C%EB%9C%B0%EC%98%B7%EC%88%98%EC%84%A0",https://place.map.kakao.com/1430789546,alteel,https://drive.google.com/file/d/19wiSAULQ2LAaR7lpTaNN4Amlsbi_gaPO/view?usp=sharing,,37.58075306,126.9701827,,,,实惠衣服修补专门店,实惠衣服修补专门,Smart Alterations Shop,전문수선   장인정신   의류리폼   빠른수선   알뜰가격,"Professional tailoring, craftsmanship, clothing alterations, fast repairs, affordable prices",专业修补、匠人精神、衣物改造、快速修理、实惠价格,専門修理、職人魂、衣類リフォーム、迅速修理、お得価格
서촌등대,간식,호떡,Hotteok Shop,糖饼店,ホットク店,월–일 11:00–22:00,,,seochanlight,https://search.pstatic.net/common/?src=https%3A%2F%2Fldb-phinf.pstatic.net%2F20230701_37%2F1688221669256n3JTE_JPEG%2F20230613_133501.jpg,"씨앗호떡 2,000원",37.58076818,126.9689652,o,4 coins,,西村糖饼,西村糖饼,Seochon Hotteok,겨울간식   꿀호떡   겉바속촉   길거리음식   달콤디저트,"Winter snacks, honey hotteok, crispy outside & soft inside, street food, sweet dessert",冬季小吃、蜂蜜糖饼、外脆内软、街头美食、甜点,冬のおやつ、はちみつホットク、外カリ中モチ、屋台グルメ、甘いデザート
신일참기름,생활형 점포,식료품,Grocery Store,食品杂货,食料品,월–일 08:00–17:00 / 매달 3번째 일요일 휴무,"https://map.naver.com/p/search/%EC%8B%A0%EC%9D%BC%EC%B0%B8%EA%B8%B0%EB%A6%84/place/1419153618?c=15.00,0,0,0,adh&p=JuLm5iBuBOcTlWqepRWiCA,49.37,24.94,80,Float&isMini=true&placePath=/review?entry=bmp&from=map&fromPanelNum=2&locale=ko&searchText=%EC%8B%A0%EC%9D%BC%EC%B0%B8%EA%B8%B0%EB%A6%84&svcName=map_pcv5&timestamp=202506271328&from=map&fromPanelNum=2&timestamp=202506271328&locale=ko&svcName=map_pcv5&searchText=%EC%8B%A0%EC%9D%BC%EC%B0%B8%EA%B8%B0%EB%A6%84",https://place.map.kakao.com/21407142,siniloil,https://search.pstatic.net/common/?src=https%3A%2F%2Fldb-phinf.pstatic.net%2F20171121_154%2F1511240926238mapRz_JPEG%2FPqofSmNSV69zqLO2YXqxX1Og.jpeg.jpg,,37.58076055,126.9702704,o,,,新一香油店,新一香油,Shinil Sesame Oil,방앗간참기름   고소한향   국산들기름   전통방식   건강한기름,"Oil mill sesame oil, rich aroma, domestic perilla oil, traditional method, healthy oil",油坊香油、浓郁香气、国产紫苏油、传统工艺、健康用油,製油所のごま油、香ばしい香り、国産えごま油、伝統製法、健康オイル
소문난김구이,생활형 점포,건어물,Dried Seafood,干海产品,干物（乾物海産物）,월–토 09:00–18:00 / 매달 3번째 일요일 휴무,"https://map.naver.com/p/search/%EC%86%8C%EB%AC%B8%EB%82%9C%EA%B9%80%EA%B5%AC%EC%9D%B4/place/38521972?c=15.00,0,0,0,adh&p=JuLm5iBuBOcTlWqepRWiCA,-94.3,10,80,Float&isMini=true&placePath=/review?entry=bmp&from=map&fromPanelNum=2&locale=ko&searchText=%EC%86%8C%EB%AC%B8%EB%82%9C%EA%B9%80%EA%B5%AC%EC%9D%B4&svcName=map_pcv5&timestamp=202506271329&from=map&fromPanelNum=2&timestamp=202506271329&locale=ko&svcName=map_pcv5&searchText=%EC%86%8C%EB%AC%B8%EB%82%9C%EA%B9%80%EA%B5%AC%EC%9D%B4",X,somunankim,https://search.pstatic.net/common/?src=https%3A%2F%2Fldb-phinf.pstatic.net%2F20171121_257%2F1511241228065axS5T_JPEG%2Fam0ZvcnohUt_vh9hHJBUx5xC.jpeg.jpg,"김구이 3,000원",37.58076258,126.9703187,o,6 coins,,有名的烤海苔,有名烤海苔,Famous Roasted Seaweed,즉석김구이   밥도둑      통인시장명물   바삭바삭,"Freshly grilled seaweed, rice companion, Tongin Market specialty, crispy",现烤海苔、下饭神器、通仁市场名物、香脆,焼きたて海苔、ご飯のお供、通仁市場の名物、パリパリ
효자365김밥,간식,김밥,Gimbap,紫菜包饭,キンパ,"화–일 07:00–18:00 / 정기휴무: 월, 3번째 휴무","https://map.naver.com/p/search/%EC%86%8C%EB%AC%B8%EB%82%9C%ED%9A%A8%EC%9E%90%EA%B9%80%EB%B0%A5/place/33481350?c=15.00,0,0,0,adh&p=A6iT-3lPbtmbST318O1B_w,-50.46,36.61,80,Float&isMini=true&placePath=/review?entry=bmp&from=map&fromPanelNum=2&locale=ko&searchText=%EC%86%8C%EB%AC%B8%EB%82%9C%ED%9A%A8%EC%9E%90%EA%B9%80%EB%B0%A5&svcName=map_pcv5&timestamp=202506271330&from=map&fromPanelNum=2&timestamp=202506271330&locale=ko&svcName=map_pcv5&searchText=%EC%86%8C%EB%AC%B8%EB%82%9C%ED%9A%A8%EC%9E%90%EA%B9%80%EB%B0%A5",https://place.map.kakao.com/18315619#comment,hyoja365,https://drive.google.com/file/d/1kwRLcMwrXVJTlP8kUd1WfaVzwWJHcru7/view?usp=sharing,"효자김밥 3,500원",37.5807671,126.9703596,o,7 coins,,孝子365紫菜包饭,孝子365紫菜包饭,Hyoja 365 Gimbap,365일영업   다양한메뉴   가성비맛집   든든한한끼   포장전문,"Open 365 days, wide menu, good value restaurant, hearty meals, takeout available",全年营业、多样菜单、性价比餐厅、饱腹一餐、外带专门,年中無休、豊富なメニュー、コスパ良好、満腹の一食、テイクアウト可
통인포차,식당,한식,Korean Cuisine,韩式料理,韓国料理,"월–일 10:00–23:00, 화 15:00–23:00",,,tonginpocha,https://drive.google.com/file/d/18kBadewjB-jY40IdNkleNkoNNFfdsB5j/view?usp=sharing,"꼼장어볶음(중) 25,000원",37.580823,126.970307,,,,通仁大排档,トンインポチャ,Tongin Pocha,,,,
통인시장흑백사진관,생활형 점포,"사진관, 스튜디오",Photo Studio,照相馆、摄影工作室,写真館、スタジオ,"화–금 12:00–18:00, 주말 및 공휴일 12:00–19:00 / 매주 월 휴무","https://map.naver.com/p/search/%ED%86%B5%EC%9D%B8%EC%82%AC%EC%A7%84%EA%B4%80/place/1739822266?c=15.00,0,0,0,adh&p=A6iT-3lPbtmbST318O1B_w,-25.1,10,80,Float&isMini=true&placePath=/review?entry=bmp&from=map&fromPanelNum=2&locale=ko&searchText=%ED%86%B5%EC%9D%B8%EC%82%AC%EC%A7%84%EA%B4%80&svcName=map_pcv5&timestamp=202506271332&type=photoView&from=map&fromPanelNum=2&locale=ko&searchText=%ED%86%B5%EC%9D%B8%EC%82%AC%EC%A7%84%EA%B4%80&svcName=map_pcv5&timestamp=202506271332",https://place.map.kakao.com/520607781,tonginpicture,https://search.pstatic.net/common/?src=https%3A%2F%2Fldb-phinf.pstatic.net%2F20240726_242%2F1721978820834OEBz9_JPEG%2F222222n_bvccd.jpg,파일+출력 2만,37.58077157,126.9704211,,,,通仁市场照相馆,通仁市场照相馆,Tongin Market Photo Studio,흑백사진관   추억남기기   인생샷   서촌감성   데이트코스,"Black-and-white photo studio, capturing memories, life shots, Seochon vibe, date course",黑白照相馆、留下回忆、人生照片、西村感性、约会路线,モノクロ写真館、思い出を残す、人生写真、西村感性、デートコース
서촌주막,식당,주점,"Jeon, Bindaetteok (Korean Pancakes)",煎饼、绿豆煎饼,チヂミ、ピンデトック,"화–목 16:30–23:00, 금–일 11:30–22:00 / 매주 월요일 휴무(예약 시 영업)","https://map.naver.com/p/search/%EC%84%9C%EC%B4%8C%EC%A3%BC%EB%A7%89/place/1413269000?c=15.00,0,0,0,adh&p=A6iT-3lPbtmbST318O1B_w,-45.02,10,80,Float&isMini=true&placePath=/review?entry=bmp&from=map&fromPanelNum=2&locale=ko&searchText=%EC%84%9C%EC%B4%8C%EC%A3%BC%EB%A7%89&svcName=map_pcv5&timestamp=202506271334&from=map&fromPanelNum=2&timestamp=202506271334&locale=ko&svcName=map_pcv5&searchText=%EC%84%9C%EC%B4%8C%EC%A3%BC%EB%A7%89",https://place.map.kakao.com/1721241331#comment,seochanjumak,https://drive.google.com/file/d/1CvRvz0yKkQdfGfJhd8EYwrJ5ekGfms9W/view?usp=sharing,"동태전 18,000원",37.58078285,126.9704846,,,,西村酒馆,西村酒馆,Seochon Tavern,비오는날파전   막걸리한잔   안주맛집   전통주막   서촌회식,"Rainy-day scallion pancakes, makgeolli, great drinking snacks, traditional tavern, Seochon group dining",下雨天煎葱饼、马格利酒、下酒好菜、传统酒馆、西村聚会,雨の日のチヂミ、マッコリ一杯、おつまみ名店、伝統酒場、西村の会食
다듬이,생활형 점포,의류,Hanbok (Traditional Clothing),韩服,韓服（ハンボク）,월–토 09:00–20:00 / 일요일 휴무,"https://map.naver.com/p/entry/place/1901786555?c=15.00,0,0,0,adh&p=N8lJQpt74WlQGo6MsxKDGg,-117.52,10,80,Float&isMini=true&placePath=/review?additionalHeight=76&from=map&fromPanelNum=1&locale=ko&svcName=map_pcv5&timestamp=202506271334&type=list&from=map&fromPanelNum=1&locale=ko&svcName=map_pcv5&timestamp=202506271334&additionalHeight=76",https://place.map.kakao.com/20885421,dadeumi,https://search.pstatic.net/common/?src=https%3A%2F%2Fldb-phinf.pstatic.net%2F20171123_173%2F1511416009932N1WDj_JPEG%2FFT4NvRL-DLaUWEsrEBW5hSpK.jpeg.jpg,,37.58078614,126.9705223,,,,传统捣衣坊,捣衣坊,Dadeumi,옷제작전문   정교한손길   오랜경력   맞춤형수선   시계수리,"Clothing repair specialty, precise handiwork, long experience, market repair shop, custom repairs",衣物修补专门、精细手艺、多年经验、市场修补店、定制修补,衣類修理専門、精巧な手仕事、長年の経験、市場の修理店、オーダー修理
그릇∙혼수용품도소매,생활형 점포,주방용품,Kitchenware,厨房用品,キッチン用品,월–토 09:30–19:00 / 일요일 휴무,"https://map.naver.com/p/search/%EA%B7%B8%EB%A6%87%E2%88%99%ED%98%BC%EC%88%98%EC%9A%A9%ED%92%88%EB%8F%84%EC%86%8C%EB%A7%A4/place/1807025252?c=15.00,0,0,0,adh&p=wMF5MGu-W0yLuP5LoOoKNg,-117.52,10,80,Float&isMini=true&isCorrectAnswer=true&placePath=/review?additionalHeight=76&from=map&fromPanelNum=1&locale=ko&searchText=%EA%B7%B8%EB%A6%87%E2%88%99%ED%98%BC%EC%88%98%EC%9A%A9%ED%92%88%EB%8F%84%EC%86%8C%EB%A7%A4&svcName=map_pcv5&timestamp=202506271335&fromPanelNum=1&additionalHeight=76&timestamp=202506271335&locale=ko&svcName=map_pcv5&searchText=%EA%B7%B8%EB%A6%87%E2%88%99%ED%98%BC%EC%88%98%EC%9A%A9%ED%92%88%EB%8F%84%EC%86%8C%EB%A7%A4",X,gereut,https://drive.google.com/file/d/1pDLj7i69rNSkqVALeVoD7adJHM_IkDHo/view?usp=sharing,,37.58078914,126.9705584,,,,餐具与婚庆用品批零,餐具・婚庆用品批零,Tableware & Wedding Goods Wholesale/Retail,주방용품   혼수그릇   도소매가격   예쁜식기   생활필수품,"Kitchenware, wedding tableware, wholesale prices, beautiful dishes, daily necessities",厨房用品、婚嫁餐具、批零同价、精美餐具、生活必需品,キッチン用品、婚礼食器、卸売価格、素敵な器、生活必需品
아빠김치찌개,식당,한식,Korean Cuisine,韩式料理,韓国料理,월–일 09:00–20:00,"https://map.naver.com/p/entry/place/1188383236?c=15.00,0,0,0,adh&p=N8lJQpt74WlQGo6MsxKDGg,-61.7,10,80,Float&isMini=true&placePath=/review?additionalHeight=76&from=map&fromPanelNum=1&locale=ko&svcName=map_pcv5&timestamp=202506271337&fromPanelNum=1&additionalHeight=76&timestamp=202506271337&locale=ko&svcName=map_pcv5",https://place.map.kakao.com/947717093,dadkimchijjigae,https://drive.google.com/file/d/1OltKQe4k-KkPt4pW8njMr9FvgeHn2g2M/view?usp=sharing,"김치찌개 10,000원",37.58079956,126.9706115,,,,爸爸泡菜汤,爸爸泡菜汤,Dad’s Kimchi Stew,김치찌개맛집   김치찜전문   계란말이필수   서촌밥집   가성비최고,"Kimchi stew favorite, braised kimchi specialty, rolled omelet is a must, Seochon eatery, great value",泡菜汤名店、泡菜炖菜专门、鸡蛋卷必点、西村餐厅、超高性价比,キムチチゲの名店、キムチ煮込み専門、卵焼き必須、西村の食堂、最高コスパ
통인정,식당,한식,Korean Cuisine,韩式料理,韓国料理,"월–토 11:00–22:00, 일 11:00~18:00","https://map.naver.com/p/entry/place/1253828465?c=15.00,0,0,0,adh&p=N8lJQpt74WlQGo6MsxKDGg,-61.7,10,80,Float&isMini=true&placePath=/review?additionalHeight=76&from=map&fromPanelNum=1&locale=ko&svcName=map_pcv5&timestamp=202506271338&fromPanelNum=1&additionalHeight=76&timestamp=202506271338&locale=ko&svcName=map_pcv5",https://place.map.kakao.com/1110456746,tonginjeong,https://drive.google.com/file/d/1t3kPZw4UwvZ5hoo5c0UB86tc0ydMcQGA/view?usp=sharing,"사골 부대찌개 12,000원",37.58081521,126.9707186,,,,通仁亭,通仁亭,Tonginjeong,사골부대찌개   사골곰탕   깔끔한한식   사골육수   가족외식,"Bone broth budae-jjigae, beef bone soup, clean Korean meals, bone broth base, family dining",牛骨部队锅、牛骨汤、清爽韩食、牛骨高汤、家庭聚餐,牛骨ブデチゲ、牛骨スープ、すっきり韓食、牛骨だし、家族外食
나하나미용실,생활형 점포,미용실,Hair Salon,美发店,美容室,월–토 10:00–20:00 / 일요일 휴무,"https://map.naver.com/p/entry/place/1698348994?c=15.00,0,0,0,adh&p=oNvrD46nEcusv4mbYfgl0A,-105.26,7.5,80,Float&isMini=true&placePath=/review?additionalHeight=76&from=map&fromPanelNum=1&locale=ko&svcName=map_pcv5&timestamp=202506271339&fromPanelNum=1&additionalHeight=76&timestamp=202506271339&locale=ko&svcName=map_pcv5",https://place.map.kakao.com/269456700,nahana,https://search.pstatic.net/common/?src=https%3A%2F%2Fldb-phinf.pstatic.net%2F20211204_205%2F1638608897890oXWFb_JPEG%2FFd-MydYvc7OtZsppe54dzVE5.jpg,,37.58083971,126.9706498,,,,罗哈娜美发店,娜哈娜美容室,Nahanna Hair Salon,꼼꼼한커트   단골많은집   편안한분위기   동네헤어숍   실력파,"Careful haircut, many regulars, comfortable atmosphere, neighborhood hair salon, skilled professionals",细致理发、熟客众多、舒适氛围、社区理发店、实力派,丁寧なカット、常連多数、快適な雰囲気、町の美容室、実力派
보물창고,잡화,소품점,Gift & Accessories Shop,饰品店,雑貨店,월–일 10:00–20:00,,,treasure,https://drive.google.com/file/d/1KM1YDpckmoxM2oBRLYZEuuyb4WwM5UPS/view?usp=sharing,,37.58082656,126.9707613,,,,宝物仓库,宝物仓库,Treasure Warehouse,만물상   생활잡화   착한가격   없는게없는   시장잡화점,"General goods shop, daily necessities, fair prices, everything you need, market variety store",百货杂货店、生活杂货、良心价格、应有尽有、市场杂货铺,万物屋、生活雑貨、良心価格、何でも揃う、市場の雑貨店
효자청과마트,생활형 점포,과일,Fruits,水果,果物,월–일 09:00–21:00 / 매달 3번째 일요일 휴무,"https://map.naver.com/p/entry/place/1399427159?c=15.00,0,0,0,adh&p=N8lJQpt74WlQGo6MsxKDGg,-61.7,10,80,Float&isMini=true&placePath=/review?additionalHeight=76&from=map&fromPanelNum=1&locale=ko&svcName=map_pcv5&timestamp=202506271341&fromPanelNum=1&additionalHeight=76&timestamp=202506271341&locale=ko&svcName=map_pcv5",https://place.map.kakao.com/16375980,hyojamart,https://search.pstatic.net/common/?src=https%3A%2F%2Fldb-phinf.pstatic.net%2F20231012_72%2F1697094594896X5UUK_JPEG%2FIMG_2483.jpg,,37.58083823,126.970806,o,,,孝子水果超市,孝子青果超市,Hyoja Produce Mart,과일선물   품질보증   청과전문   산지직송   싱싱함,"Fruit gifts, quality guaranteed, fruit specialty shop, direct from farms, freshness",水果礼盒、品质保证、水果专门、产地直送、新鲜度,フルーツギフト、品質保証、青果専門、産地直送、新鮮さ
효자지하생선,생활형 점포,수산물,Seafood,水产品,水産物,월–일 06:00–18:00 / 정기휴무: 매달 3번째 일요일,"https://map.naver.com/p/search/%ED%9A%A8%EC%9E%90%EC%A7%80%ED%95%98%EC%83%9D%EC%84%A0/place/38521973?c=15.00,0,0,0,adh&p=esJ8bx83exl0Yg9_o4dr7A,-107.62,10,80,Float&isMini=true&isCorrectAnswer=true&placePath=/review?additionalHeight=76&from=map&fromPanelNum=1&locale=ko&searchText=%ED%9A%A8%EC%9E%90%EC%A7%80%ED%95%98%EC%83%9D%EC%84%A0&svcName=map_pcv5&timestamp=202506271342&fromPanelNum=1&additionalHeight=76&timestamp=202506271342&locale=ko&svcName=map_pcv5&searchText=%ED%9A%A8%EC%9E%90%EC%A7%80%ED%95%98%EC%83%9D%EC%84%A0",X,hyojabasefish,https://search.pstatic.net/common/?src=https%3A%2F%2Fldb-phinf.pstatic.net%2F20171120_211%2F1511160024957xl0AN_JPEG%2F68hPUxd2dnxsqIv_XwYMC_EM.jpeg.jpg,,37.58084888,126.9708513,,,,孝子地下鱼店,孝子地下鲜鱼店,Hyoja Underground Fish Shop,수산물전문   신선한생선   지하상가맛집   해산물   손질서비스,"Seafood specialty shop, fresh fish, underground arcade favorite, seafood, cleaning service available",水产专门、新鲜海鱼、地下商街美食、海鲜、代为处理服务,水産専門、新鮮な魚、地下商店街の名店、海産物、下処理サービス
현대정육점,생활형 점포,정육점,Butcher Shop,肉店,精肉店,"월–일 08:00–20:00 / 정기휴무: 매달 1,3번째 일요일","https://map.naver.com/p/search/%ED%9A%A8%EC%9E%90%EC%A7%80%ED%95%98%EC%83%9D%EC%84%A0/place/38521973?c=15.00,0,0,0,adh&p=esJ8bx83exl0Yg9_o4dr7A,-107.62,10,80,Float&isMini=true&isCorrectAnswer=true&placePath=/review?additionalHeight=76&from=map&fromPanelNum=1&locale=ko&searchText=%ED%9A%A8%EC%9E%90%EC%A7%80%ED%95%98%EC%83%9D%EC%84%A0&svcName=map_pcv5&timestamp=202506271342&fromPanelNum=1&additionalHeight=76&timestamp=202506271342&locale=ko&svcName=map_pcv5&searchText=%ED%9A%A8%EC%9E%90%EC%A7%80%ED%95%98%EC%83%9D%EC%84%A0",X,hyundaijungyuk,https://search.pstatic.net/common/?src=https%3A%2F%2Fldb-phinf.pstatic.net%2F20220903_116%2F1662187588807cHKkE_JPEG%2FKakaoTalk_20220718_171121116_09.jpg,,37.58076755,126.9708593,,,,现代肉铺,現代精肉店,Hyundai Butcher Shop,,,,
